{
  "pesos": [
    1.050043200300605,
    0.4149041254675643,
    1.2285130930975208,
    0.3764683437772687
  ],
  "fitness": 0.7166666666666668,
  "generaciones": 9
}