{
  "pesos": [
    1.5598163473159397,
    0.8338580638890208,
    1.2319341281912848,
    1.9294835692150842,
    -0.07288524515433009
  ],
  "fitness": 0.9400000000000001,
  "generaciones": 17
}